వార్తలు సేకరిస్తున్నాను, ఒక్క నిమిషం ఉండండి...

సేకరించిన వార్త: Show HN: DoNotNotify – log and intelligently block notifications on Android (donotnotify.com)
సేకరించిన వార్త: Show HN: Tailsnitch – A Security Auditor for Tailscale (github.com/adversis)
సేకరించిన వార్త: It's hard to justify Tahoe icons (tonsky.me)
సేకరించిన వార్త: CSS sucks because we don't bother learning it (2022) (idiallo.com)
సేకరించిన వార్త: All AI Videos Are Harmful (2025) (idiallo.com)
సేకరించిన వార్త: Databases in 2025: A Year in Review (cmu.edu)
సేకరించిన వార్త: Murder-suicide case shows OpenAI selectively hides data after users die (arstechnica.com)
సేకరించిన వార్త: RevisionDojo, a YC startup, is running astroturfing campaigns targeting kids
సేకరించిన వార్త: Cigarette smoke effect using shaders (bradwoods.io)
సేకరించిన వార్త: Anna's Archive loses .org domain after surprise suspension (torrentfreak.com)

సక్సెస్! వార్తలన్నీ 'daily_news_report.csv' లో సేవ్ అయ్యాయి.

[Program finished]